month,sessions,orders,gross_revenue_usd,refund_amount_usd,net_revenue_usd,net_profit_usd,conversion_rate,average_order_value_usd
2012-03,1879,60,2999.4,0.0,2999.4,1830.0,0.031931878658861094,49.99
2012-04,3734,99,4949.01,249.95000000000002,4699.06,2769.55,0.026513122656668452,49.99
2012-05,3736,108,5398.92,249.95000000000002,5148.97,3044.05,0.028907922912205567,49.99
2012-06,3963,140,6998.6,249.95000000000002,6748.65,4020.05,0.03532677264698461,49.99
2012-07,4249,169,8448.31,649.87,7798.4400000000005,4504.63,0.03977406448576135,49.989999999999995
2012-08,6097,228,11397.72,899.82,10497.9,6054.18,0.03739544038051501,49.989999999999995
2012-09,6546,287,14347.13,1049.79,13297.34,7703.71,0.04384356859150626,49.989999999999995
2012-10,8183,371,18546.29,1199.76,17346.53,10115.74,0.045337895637296836,49.99
2012-11,14011,618,30893.82,1999.6000000000001,28894.22,16849.4,0.044108200699450435,49.99
2012-12,10072,506,25294.94,1899.6200000000001,23395.32,13533.38,0.05023828435266084,49.989999999999995
2013-01,6401,390,19966.1,1059.79,18906.31,11164.21,0.060927980003124514,51.1951282051282
2013-02,7168,498,26515.02,1169.77,25345.25,15153.23,0.06947544642857142,53.243012048192774
2013-03,6264,385,19896.15,1069.79,18826.36,11127.71,0.06146232439335888,51.678311688311695
2013-04,7971,553,28584.47,1159.77,27424.7,16364.73,0.06937648977543595,51.6898191681736
2013-05,8449,571,29364.29,1579.69,27784.6,16409.81,0.06758196236240975,51.42607705779335
2013-06,8325,593,30544.07,1749.66,28794.41,16966.84,0.07123123123123123,51.5077065767285
2013-07,8903,604,31143.96,2269.55,28874.41,16817.45,0.06784230034819724,51.562847682119205
2013-08,9180,608,31373.920000000002,1769.65,29604.27,17460.35,0.06623093681917211,51.60184210526316
2013-09,9580,629,32723.65,1199.76,31523.89,18853.739999999998,0.06565762004175366,52.02488076311606
2013-10,10773,708,38242.62,969.8100000000001,37272.81,22484.19,0.0657198551935394,54.015
2013-11,14032,861,46631.020000000004,929.82,45701.2,27677.18,0.06135974914481186,54.15914053426249
2013-12,15735,1047,58262.600000000006,2275.55,55987.05,33914.45,0.0665395614871306,55.64718242597899
2014-01,14825,982,56568.89,1797.64,54771.25,33568.86,0.06623946037099494,57.60579429735234
2014-02,16285,1021,66012.52,2423.51,63589.01,39338.49,0.06269573226895916,64.65476983349657
2014-03,15669,1066,68189.73,2183.55,66006.18,40884.95,0.06803242070329951,63.96785178236397
2014-04,17353,1241,78725.43,2707.4500000000003,76017.98,47006.05,0.07151501181351928,63.43709105560032
2014-05,18061,1368,88935.27,2405.4900000000002,86529.78,53762.01,0.07574331432368087,65.01116228070175
2014-06,17715,1239,80051.25,3377.31,76673.94,47223.19,0.06994072819644369,64.60956416464892
2014-07,19038,1286,83288.55,3837.2200000000003,79451.33,48729.28,0.06754911230171236,64.76559097978227
2014-08,18590,1325,84716.08,4605.07,80111.01,48973.93,0.07127487896718666,63.9366641509434
2014-09,19513,1424,92232.49,11773.63,80458.86,46535.87,0.0729769896991749,64.77000702247192
2014-10,21526,1609,103905.98,2833.4,101072.58,62913.6,0.07474681780172815,64.57798632691112
2014-11,25125,1985,128162.98,3099.35,125063.62999999999,77885.65,0.07900497512437811,64.5657329974811
2014-12,29722,2314,144823.02,5908.78,138914.24,85948.22,0.07785478769934728,62.585574762316334
2015-01,25337,2098,132211.54,4861.0,127350.54000000001,79050.0,0.08280380471247582,63.0178932316492
2015-02,23778,2068,129212.94,3871.21,125341.73,78134.79000000001,0.08697114980233829,62.48207930367505
2015-03,15083,1254,78951.06999999999,3897.18,75053.89,46133.32,0.08313995889411921,62.95938596491227
2015-04,0,0,0.0,105.98,-105.98,-105.98,0,0
